ACCELEROMETER X (m/s²),ACCELEROMETER Y (m/s²),ACCELEROMETER Z (m/s²),LINEAR ACCELERATION X (m/s²),LINEAR ACCELERATION Y (m/s²),LINEAR ACCELERATION Z (m/s²),GYROSCOPE X (rad/s),GYROSCOPE Y (rad/s),GYROSCOPE Z (rad/s),Time since start in ms ,YYYY-MO-DD HH-MI-SS_SSS
-1.76,7.16,6.35,-0.06,-0.01,-0.37,0.08,0.05,-0.01,4,2019-03-25 16:06:23:216
-1.76,7.16,6.35,-0.06,-0.01,-0.37,0.08,0.05,-0.01,9,2019-03-25 16:06:23:221
-1.76,7.16,6.35,-0.06,-0.01,-0.37,0.08,0.05,-0.01,14,2019-03-25 16:06:23:226
-1.79,7.2,6.33,-0.08,0.01,-0.33,0.04,0.01,0.0,19,2019-03-25 16:06:23:231
-1.79,7.2,6.33,-0.08,0.01,-0.33,0.04,0.01,0.0,25,2019-03-25 16:06:23:237
-1.79,7.2,6.33,-0.08,0.01,-0.33,0.04,0.01,0.0,30,2019-03-25 16:06:23:242
-1.7,7.19,6.41,0.02,0.0,-0.22,0.0,0.0,0.0,34,2019-03-25 16:06:23:246
-1.7,7.19,6.41,0.02,0.0,-0.22,0.0,0.0,0.0,40,2019-03-25 16:06:23:252
-1.7,7.19,6.41,0.02,0.0,-0.22,0.0,0.0,0.0,44,2019-03-25 16:06:23:256
-1.7,7.19,6.41,0.02,0.0,-0.22,0.0,0.0,0.0,48,2019-03-25 16:06:23:260
-1.7,7.19,6.41,0.02,0.0,-0.22,0.0,0.0,0.0,54,2019-03-25 16:06:23:266
-1.7,7.19,6.41,0.02,0.0,-0.22,0.0,0.0,0.0,59,2019-03-25 16:06:23:271
-1.7,7.19,6.41,0.02,0.0,-0.22,0.0,0.0,0.0,64,2019-03-25 16:06:23:276
-1.65,7.13,6.53,0.07,-0.06,-0.07,-0.03,0.0,0.0,69,2019-03-25 16:06:23:281
-1.65,7.13,6.53,0.07,-0.06,-0.07,-0.03,0.0,0.0,74,2019-03-25 16:06:23:286
-1.65,7.13,6.53,0.07,-0.06,-0.07,-0.03,0.0,0.0,80,2019-03-25 16:06:23:292
-1.65,7.13,6.53,0.07,-0.06,-0.07,-0.03,0.0,0.0,84,2019-03-25 16:06:23:296
-1.65,7.13,6.53,0.07,-0.06,-0.07,-0.03,0.0,0.0,89,2019-03-25 16:06:23:301
-1.76,7.2,6.69,0.0,0.0,0.1,-0.04,-0.02,0.0,94,2019-03-25 16:06:23:306
-1.76,7.2,6.69,0.0,0.0,0.1,-0.04,-0.02,0.0,99,2019-03-25 16:06:23:311
-1.76,7.2,6.69,0.0,0.0,0.1,-0.04,-0.02,0.0,104,2019-03-25 16:06:23:316
-1.76,7.2,6.69,0.0,0.0,0.1,-0.04,-0.02,0.0,109,2019-03-25 16:06:23:321
-1.76,7.2,6.69,0.0,0.0,0.1,-0.04,-0.02,0.0,114,2019-03-25 16:06:23:326
-1.72,7.14,6.62,0.05,-0.04,0.04,-0.02,-0.03,0.0,119,2019-03-25 16:06:23:331
-1.72,7.14,6.62,0.05,-0.04,0.04,-0.02,-0.03,0.0,124,2019-03-25 16:06:23:336
-1.72,7.14,6.62,0.05,-0.04,0.04,-0.02,-0.03,0.0,129,2019-03-25 16:06:23:341
-1.62,7.15,6.65,0.11,-0.01,0.08,-0.04,-0.06,0.0,134,2019-03-25 16:06:23:346
-1.62,7.15,6.65,0.11,-0.01,0.08,-0.04,-0.06,0.0,139,2019-03-25 16:06:23:351
-1.62,7.15,6.65,0.11,-0.01,0.08,-0.04,-0.06,0.0,144,2019-03-25 16:06:23:356
-1.62,7.15,6.65,0.11,-0.01,0.08,-0.04,-0.06,0.0,149,2019-03-25 16:06:23:361
-1.62,7.15,6.65,0.11,-0.01,0.08,-0.04,-0.06,0.0,154,2019-03-25 16:06:23:366
-1.62,7.15,6.65,0.11,-0.01,0.08,-0.04,-0.06,0.0,159,2019-03-25 16:06:23:371
-1.62,7.15,6.65,0.11,-0.01,0.08,-0.04,-0.06,0.0,164,2019-03-25 16:06:23:376
-1.71,7.12,6.48,0.02,-0.03,-0.07,-0.01,-0.05,0.0,169,2019-03-25 16:06:23:381
-1.71,7.12,6.48,0.02,-0.03,-0.07,-0.01,-0.05,0.0,174,2019-03-25 16:06:23:386
-1.71,7.12,6.48,0.02,-0.03,-0.07,-0.01,-0.05,0.0,180,2019-03-25 16:06:23:392
-1.71,7.12,6.48,0.02,-0.03,-0.07,-0.01,-0.05,0.0,184,2019-03-25 16:06:23:396
-1.75,7.21,6.41,-0.02,0.04,-0.1,-0.04,-0.08,0.01,189,2019-03-25 16:06:23:401
-1.75,7.21,6.41,-0.02,0.04,-0.1,-0.14,-0.19,0.0,194,2019-03-25 16:06:23:406
-1.75,7.21,6.41,-0.02,0.04,-0.1,-0.14,-0.19,0.0,199,2019-03-25 16:06:23:411
-1.75,7.21,6.41,0.11,-0.04,0.09,-0.14,-0.19,0.0,204,2019-03-25 16:06:23:416
-1.75,7.21,6.41,0.11,-0.04,0.09,-0.14,-0.19,0.0,209,2019-03-25 16:06:23:421
-1.75,7.21,6.41,0.11,-0.04,0.09,-0.14,-0.19,0.0,215,2019-03-25 16:06:23:427
-1.5,7.02,6.64,0.14,-0.09,0.05,-0.14,-0.2,0.0,219,2019-03-25 16:06:23:431
-1.5,7.02,6.64,0.14,-0.09,0.05,-0.14,-0.2,0.0,224,2019-03-25 16:06:23:436
-1.5,7.02,6.64,0.14,-0.09,0.05,-0.14,-0.2,0.0,229,2019-03-25 16:06:23:441
-1.48,7.0,6.59,0.11,-0.09,-0.03,-0.11,-0.11,0.0,234,2019-03-25 16:06:23:446
-1.48,7.0,6.59,0.11,-0.09,-0.03,-0.11,-0.11,0.0,239,2019-03-25 16:06:23:451
-1.48,7.0,6.59,0.11,-0.09,-0.03,-0.11,-0.11,0.0,244,2019-03-25 16:06:23:456
-1.48,7.0,6.59,0.11,-0.09,-0.03,-0.11,-0.11,0.0,249,2019-03-25 16:06:23:461
-1.48,7.0,6.59,0.11,-0.09,-0.03,-0.11,-0.11,0.0,254,2019-03-25 16:06:23:466
-1.48,7.0,6.59,0.11,-0.09,-0.03,-0.11,-0.11,0.0,259,2019-03-25 16:06:23:471
-1.48,7.0,6.59,0.11,-0.09,-0.03,-0.11,-0.11,0.0,264,2019-03-25 16:06:23:476
-1.57,7.11,6.67,0.01,0.03,0.02,-0.14,-0.11,-0.01,269,2019-03-25 16:06:23:481
-1.57,7.11,6.67,0.01,0.03,0.02,-0.14,-0.11,-0.01,274,2019-03-25 16:06:23:486
-1.57,7.11,6.67,0.01,0.03,0.02,-0.14,-0.11,-0.01,279,2019-03-25 16:06:23:491
-1.57,7.11,6.67,0.01,0.03,0.02,-0.14,-0.11,-0.01,284,2019-03-25 16:06:23:496
-1.57,7.11,6.67,0.01,0.03,0.02,-0.14,-0.11,-0.01,289,2019-03-25 16:06:23:501
-1.63,7.1,6.7,-0.06,0.06,0.02,-0.16,-0.14,-0.02,294,2019-03-25 16:06:23:506
-1.63,7.1,6.7,-0.06,0.06,0.02,-0.16,-0.14,-0.02,299,2019-03-25 16:06:23:511
-1.63,7.1,6.7,-0.06,0.06,0.02,-0.16,-0.14,-0.02,304,2019-03-25 16:06:23:516
-1.63,7.1,6.7,-0.06,0.06,0.02,-0.16,-0.14,-0.02,309,2019-03-25 16:06:23:521
-1.63,7.1,6.7,-0.06,0.06,0.02,-0.16,-0.14,-0.02,314,2019-03-25 16:06:23:526
-1.63,7.1,6.7,-0.06,0.06,0.02,-0.16,-0.14,-0.02,319,2019-03-25 16:06:23:531
-1.61,7.01,6.85,-0.07,0.0,0.14,-0.16,-0.18,-0.01,324,2019-03-25 16:06:23:536
-1.61,7.01,6.85,-0.07,0.0,0.14,-0.16,-0.18,-0.01,328,2019-03-25 16:06:23:540
-1.61,7.01,6.85,-0.07,0.0,0.14,-0.16,-0.18,-0.01,334,2019-03-25 16:06:23:546
-1.41,7.01,7.02,0.1,0.02,0.27,-0.14,-0.19,0.0,339,2019-03-25 16:06:23:551
-1.41,7.01,7.02,0.1,0.02,0.27,-0.14,-0.19,0.0,344,2019-03-25 16:06:23:556
-1.41,7.01,7.02,0.1,0.02,0.27,-0.14,-0.19,0.0,349,2019-03-25 16:06:23:561
-1.41,7.01,7.02,0.1,0.02,0.27,-0.14,-0.19,0.0,354,2019-03-25 16:06:23:566
-1.4,7.02,7.17,0.06,0.05,0.35,-0.12,-0.15,0.0,359,2019-03-25 16:06:23:571
-1.4,7.02,7.17,0.06,0.05,0.35,-0.12,-0.15,0.0,365,2019-03-25 16:06:23:577
-1.4,7.02,7.17,0.06,0.05,0.35,-0.12,-0.15,0.0,369,2019-03-25 16:06:23:581
-1.4,7.02,7.17,0.06,0.05,0.35,-0.12,-0.15,0.0,374,2019-03-25 16:06:23:586
-1.52,6.98,7.02,-0.08,0.02,0.13,-0.1,-0.11,-0.01,379,2019-03-25 16:06:23:591
-1.52,6.98,7.02,-0.08,0.02,0.13,-0.1,-0.11,-0.01,384,2019-03-25 16:06:23:596
-1.52,6.98,7.02,-0.08,0.02,0.13,-0.1,-0.11,-0.01,389,2019-03-25 16:06:23:601
-1.49,6.94,6.9,-0.05,0.0,-0.01,-0.07,-0.12,-0.01,394,2019-03-25 16:06:23:606
-1.49,6.94,6.9,-0.05,0.0,-0.01,-0.07,-0.12,-0.01,399,2019-03-25 16:06:23:611
-1.49,6.94,6.9,-0.05,0.0,-0.01,-0.07,-0.12,-0.01,404,2019-03-25 16:06:23:616
-1.49,6.94,6.9,-0.05,0.0,-0.01,-0.07,-0.12,-0.01,409,2019-03-25 16:06:23:621
-1.49,6.94,6.9,-0.05,0.0,-0.01,-0.07,-0.12,-0.01,414,2019-03-25 16:06:23:626
-1.39,7.0,7.04,0.03,0.04,0.09,-0.06,-0.15,0.0,420,2019-03-25 16:06:23:632
-1.39,7.0,7.04,0.03,0.04,0.09,-0.06,-0.15,0.0,424,2019-03-25 16:06:23:636
-1.39,7.0,7.04,0.03,0.04,0.09,-0.06,-0.15,0.0,430,2019-03-25 16:06:23:642
-1.45,6.99,6.94,-0.03,0.02,-0.02,-0.06,-0.09,-0.01,435,2019-03-25 16:06:23:647
-1.45,6.99,6.94,-0.03,0.02,-0.02,-0.06,-0.09,-0.01,439,2019-03-25 16:06:23:651
-1.45,6.99,6.94,-0.03,0.02,-0.02,-0.06,-0.09,-0.01,444,2019-03-25 16:06:23:656
-1.45,6.99,6.94,-0.03,0.02,-0.02,-0.06,-0.09,-0.01,449,2019-03-25 16:06:23:661
-1.45,6.92,6.83,-0.03,0.02,-0.02,-0.03,-0.06,0.0,454,2019-03-25 16:06:23:666
-1.45,6.92,6.83,-0.02,-0.03,-0.15,-0.03,-0.06,0.0,459,2019-03-25 16:06:23:671
-1.45,6.92,6.83,-0.02,-0.03,-0.15,-0.03,-0.06,0.0,464,2019-03-25 16:06:23:676
-1.45,6.92,6.83,-0.02,-0.03,-0.15,-0.03,-0.06,0.0,469,2019-03-25 16:06:23:681
-1.45,6.92,6.83,-0.02,-0.03,-0.15,-0.03,-0.06,0.0,474,2019-03-25 16:06:23:686
-1.45,6.92,6.83,-0.02,-0.03,-0.15,-0.03,-0.06,0.0,479,2019-03-25 16:06:23:691
-1.34,6.94,7.01,0.06,0.0,0.0,-0.04,-0.06,0.0,484,2019-03-25 16:06:23:696
-1.34,6.94,7.01,0.06,0.0,0.0,-0.04,-0.06,0.0,489,2019-03-25 16:06:23:701
-1.34,6.94,7.01,0.06,0.0,0.0,-0.04,-0.06,-0.01,494,2019-03-25 16:06:23:706
-1.34,6.94,7.01,0.06,0.0,0.0,-0.04,-0.06,-0.01,500,2019-03-25 16:06:23:712
-1.41,6.88,6.88,-0.03,-0.05,-0.13,-0.04,-0.06,-0.01,507,2019-03-25 16:06:23:719
-1.41,6.88,6.88,-0.03,-0.05,-0.13,-0.04,-0.06,-0.01,510,2019-03-25 16:06:23:722
-1.41,6.88,6.88,-0.03,-0.05,-0.13,-0.04,-0.06,-0.01,514,2019-03-25 16:06:23:726
-1.38,6.95,6.87,0.0,0.01,-0.14,-0.06,-0.06,0.0,519,2019-03-25 16:06:23:731
-1.38,6.95,6.87,0.0,0.01,-0.14,-0.06,-0.06,0.0,524,2019-03-25 16:06:23:736
-1.38,6.95,6.87,0.0,0.01,-0.14,-0.06,-0.06,0.0,530,2019-03-25 16:06:23:742
-1.38,6.95,6.87,0.0,0.01,-0.14,-0.06,-0.06,0.0,534,2019-03-25 16:06:23:746
-1.22,6.97,7.06,0.14,0.04,0.05,-0.05,-0.04,0.0,539,2019-03-25 16:06:23:751
-1.22,6.97,7.06,0.14,0.04,0.05,-0.05,-0.04,0.0,544,2019-03-25 16:06:23:756
-1.22,6.97,7.06,0.14,0.04,0.05,-0.05,-0.04,0.0,549,2019-03-25 16:06:23:761
-1.29,6.9,7.3,0.14,0.04,0.05,-0.01,0.03,-0.01,554,2019-03-25 16:06:23:766
-1.29,6.9,7.3,0.07,-0.02,0.29,-0.01,0.03,-0.01,560,2019-03-25 16:06:23:772
-1.29,6.9,7.3,0.07,-0.02,0.29,-0.01,0.03,-0.01,564,2019-03-25 16:06:23:776
-1.29,6.9,7.3,0.07,-0.02,0.29,-0.01,0.03,-0.01,569,2019-03-25 16:06:23:781
-1.42,6.84,7.12,0.07,-0.02,0.29,-0.01,0.03,-0.01,574,2019-03-25 16:06:23:786
-1.42,6.84,7.12,-0.04,-0.07,0.11,0.05,0.1,-0.03,579,2019-03-25 16:06:23:791
-1.42,6.84,7.12,-0.04,-0.07,0.11,0.05,0.1,-0.03,584,2019-03-25 16:06:23:796
-1.42,6.84,7.12,-0.04,-0.07,0.11,0.05,0.1,-0.03,589,2019-03-25 16:06:23:801
-1.23,6.86,6.99,-0.04,-0.07,0.11,0.06,0.13,-0.01,594,2019-03-25 16:06:23:806
-1.23,6.86,6.99,0.15,-0.05,0.0,0.06,0.13,-0.01,599,2019-03-25 16:06:23:811
-1.23,6.86,6.99,0.15,-0.05,0.0,0.06,0.13,-0.01,604,2019-03-25 16:06:23:816
-1.23,6.86,6.99,0.15,-0.05,0.0,0.06,0.13,-0.01,609,2019-03-25 16:06:23:821
-1.23,6.86,6.99,0.15,-0.05,0.0,0.06,0.13,-0.01,614,2019-03-25 16:06:23:826
-1.1,6.9,6.76,0.27,-0.01,-0.2,0.08,0.16,-0.03,619,2019-03-25 16:06:23:831
-1.1,6.9,6.76,0.27,-0.01,-0.2,0.08,0.16,-0.03,624,2019-03-25 16:06:23:836
-1.1,6.9,6.76,0.27,-0.01,-0.2,0.08,0.16,-0.03,629,2019-03-25 16:06:23:841
-1.1,6.9,6.76,0.27,-0.01,-0.2,0.08,0.16,-0.03,634,2019-03-25 16:06:23:846
-1.1,6.9,6.76,0.27,-0.01,-0.2,0.08,0.16,-0.03,639,2019-03-25 16:06:23:851
-1.38,6.84,6.54,0.02,-0.07,-0.36,0.07,0.21,-0.08,644,2019-03-25 16:06:23:856
-1.38,6.84,6.54,0.02,-0.07,-0.36,0.07,0.21,-0.08,649,2019-03-25 16:06:23:861
-1.38,6.84,6.54,0.02,-0.07,-0.36,0.07,0.21,-0.08,654,2019-03-25 16:06:23:866
-1.38,6.84,6.54,0.02,-0.07,-0.36,0.07,0.21,-0.08,659,2019-03-25 16:06:23:871
-1.38,6.84,6.54,0.02,-0.07,-0.36,0.07,0.21,-0.08,666,2019-03-25 16:06:23:878
-1.51,6.97,6.85,-0.06,0.04,-0.03,0.05,0.25,-0.08,669,2019-03-25 16:06:23:881
-1.51,6.97,6.85,-0.06,0.04,-0.03,0.05,0.25,-0.08,674,2019-03-25 16:06:23:886
-1.51,6.97,6.85,-0.06,0.04,-0.03,0.05,0.25,-0.08,679,2019-03-25 16:06:23:891
-1.51,6.97,6.85,-0.06,0.04,-0.03,0.05,0.25,-0.08,684,2019-03-25 16:06:23:896
-1.58,7.23,7.28,-0.07,0.28,0.38,0.01,0.27,-0.07,689,2019-03-25 16:06:23:901
-1.58,7.23,7.28,-0.07,0.28,0.38,0.01,0.27,-0.07,694,2019-03-25 16:06:23:906
-1.58,7.23,7.28,-0.07,0.28,0.38,0.01,0.27,-0.07,699,2019-03-25 16:06:23:911
-1.58,7.23,7.28,-0.13,0.01,-0.04,0.08,0.37,-0.05,704,2019-03-25 16:06:23:916
-1.58,7.23,7.28,-0.13,0.01,-0.04,0.08,0.37,-0.05,709,2019-03-25 16:06:23:921
-1.58,7.23,7.28,-0.13,0.01,-0.04,0.08,0.37,-0.05,714,2019-03-25 16:06:23:926
-1.85,7.0,6.87,-0.23,0.01,-0.01,0.05,0.33,-0.05,719,2019-03-25 16:06:23:931
-1.85,7.0,6.87,-0.23,0.01,-0.01,0.05,0.33,-0.05,724,2019-03-25 16:06:23:936
-1.85,7.0,6.87,-0.23,0.01,-0.01,0.05,0.33,-0.05,729,2019-03-25 16:06:23:941
-1.85,7.0,6.87,-0.23,0.01,-0.01,0.05,0.33,-0.05,734,2019-03-25 16:06:23:946
-1.8,7.01,7.12,-0.11,0.01,0.22,0.03,0.31,-0.03,739,2019-03-25 16:06:23:951
-1.8,7.01,7.12,-0.11,0.01,0.22,0.03,0.31,-0.03,744,2019-03-25 16:06:23:956
-1.8,7.01,7.12,-0.11,0.01,0.22,0.03,0.31,-0.03,749,2019-03-25 16:06:23:961
-1.8,7.01,7.12,-0.11,0.01,0.22,0.03,0.31,-0.03,755,2019-03-25 16:06:23:967
-1.8,7.01,7.12,-0.11,0.01,0.22,0.03,0.31,-0.03,760,2019-03-25 16:06:23:972
-1.8,7.01,7.12,-0.11,0.01,0.22,0.03,0.31,-0.03,763,2019-03-25 16:06:23:975
-1.85,7.06,6.78,-0.08,0.05,-0.07,0.09,0.38,-0.06,769,2019-03-25 16:06:23:981
-1.85,7.06,6.78,-0.08,0.05,-0.07,0.09,0.38,-0.06,774,2019-03-25 16:06:23:986
-1.85,7.06,6.78,-0.08,0.05,-0.07,0.05,0.29,-0.07,779,2019-03-25 16:06:23:991
-1.85,7.06,6.78,-0.08,0.05,-0.07,0.05,0.29,-0.07,784,2019-03-25 16:06:23:996
-1.85,7.06,6.78,-0.08,0.05,-0.07,0.05,0.29,-0.07,789,2019-03-25 16:06:24:001
-1.91,6.94,6.72,-0.08,0.05,-0.07,0.05,0.27,-0.07,794,2019-03-25 16:06:24:006
-1.91,6.94,6.72,-0.02,-0.08,-0.04,0.05,0.27,-0.07,799,2019-03-25 16:06:24:011
-1.91,6.94,6.72,-0.02,-0.08,-0.04,0.05,0.27,-0.07,804,2019-03-25 16:06:24:016
-1.91,6.94,6.72,-0.02,-0.08,-0.04,0.05,0.27,-0.07,810,2019-03-25 16:06:24:022
-1.91,6.94,6.72,-0.02,-0.08,-0.04,0.05,0.27,-0.07,814,2019-03-25 16:06:24:026
-2.04,7.05,6.93,-0.06,0.01,0.16,0.04,0.26,-0.07,819,2019-03-25 16:06:24:031
-2.04,7.05,6.93,-0.06,0.01,0.16,0.04,0.26,-0.07,824,2019-03-25 16:06:24:036
-2.04,7.05,6.93,-0.06,0.01,0.16,0.04,0.26,-0.07,829,2019-03-25 16:06:24:041
-1.94,6.96,6.69,0.08,-0.08,-0.09,0.08,0.26,-0.06,834,2019-03-25 16:06:24:046
-1.94,6.96,6.69,0.08,-0.08,-0.09,0.08,0.26,-0.06,839,2019-03-25 16:06:24:051
-1.94,6.96,6.69,0.08,-0.08,-0.09,0.08,0.26,-0.06,843,2019-03-25 16:06:24:055
-1.94,6.96,6.69,0.08,-0.08,-0.09,0.08,0.26,-0.06,850,2019-03-25 16:06:24:062
-2.03,6.98,6.55,0.08,-0.08,-0.09,0.08,0.26,-0.06,854,2019-03-25 16:06:24:066
-2.03,6.98,6.55,0.03,-0.07,-0.21,0.09,0.26,-0.07,859,2019-03-25 16:06:24:071
-2.03,6.98,6.55,0.03,-0.07,-0.21,0.09,0.26,-0.07,864,2019-03-25 16:06:24:076
-2.03,6.98,6.55,0.03,-0.07,-0.21,0.09,0.26,-0.07,869,2019-03-25 16:06:24:081
-2.08,7.05,6.95,0.03,-0.07,-0.21,0.05,0.24,-0.06,874,2019-03-25 16:06:24:086
-2.08,7.05,6.95,0.03,0.01,0.21,0.05,0.24,-0.06,879,2019-03-25 16:06:24:091
-2.08,7.05,6.95,0.03,0.01,0.21,0.05,0.24,-0.06,884,2019-03-25 16:06:24:096
-2.08,7.05,6.95,0.03,0.01,0.21,0.05,0.24,-0.06,890,2019-03-25 16:06:24:102
-2.09,7.07,6.93,0.07,0.02,0.21,0.08,0.32,-0.05,895,2019-03-25 16:06:24:107
-2.09,7.07,6.93,0.07,0.02,0.21,0.08,0.32,-0.05,899,2019-03-25 16:06:24:111
-2.09,7.07,6.93,0.07,0.02,0.21,0.08,0.32,-0.05,904,2019-03-25 16:06:24:116
-2.09,7.07,6.93,0.07,0.02,0.21,0.08,0.32,-0.05,909,2019-03-25 16:06:24:121
-2.09,7.07,6.93,0.07,0.02,0.21,0.08,0.32,-0.05,914,2019-03-25 16:06:24:126
-2.09,7.07,6.93,0.07,0.02,0.21,0.08,0.32,-0.05,919,2019-03-25 16:06:24:131
-2.12,7.03,6.7,0.07,0.02,0.21,0.08,0.32,-0.05,924,2019-03-25 16:06:24:136
-2.12,7.03,6.7,0.07,-0.02,0.0,0.12,0.35,-0.05,929,2019-03-25 16:06:24:141
-2.12,7.03,6.7,0.07,-0.02,0.0,0.12,0.35,-0.05,935,2019-03-25 16:06:24:147
-2.12,7.03,6.7,0.07,-0.02,0.0,0.12,0.35,-0.05,939,2019-03-25 16:06:24:151
-2.05,7.02,6.57,0.07,-0.02,0.0,0.12,0.35,-0.05,944,2019-03-25 16:06:24:156
-2.05,7.02,6.57,0.17,-0.03,-0.07,0.13,0.37,-0.05,950,2019-03-25 16:06:24:162
-2.05,7.02,6.57,0.17,-0.03,-0.07,0.13,0.37,-0.05,954,2019-03-25 16:06:24:166
-2.05,7.02,6.57,0.17,-0.03,-0.07,0.13,0.37,-0.05,959,2019-03-25 16:06:24:171
-2.05,7.02,6.57,0.17,-0.03,-0.07,0.13,0.37,-0.05,964,2019-03-25 16:06:24:176
-2.38,6.99,6.43,-0.09,-0.06,-0.16,0.12,0.36,-0.07,969,2019-03-25 16:06:24:181
-2.38,6.99,6.43,-0.09,-0.06,-0.16,0.12,0.36,-0.07,974,2019-03-25 16:06:24:186
-2.38,6.99,6.43,-0.09,-0.06,-0.16,0.12,0.36,-0.07,979,2019-03-25 16:06:24:191
-2.38,6.99,6.43,-0.09,-0.06,-0.16,0.12,0.36,-0.07,984,2019-03-25 16:06:24:196
-2.38,6.99,6.43,-0.09,-0.06,-0.16,0.12,0.36,-0.07,989,2019-03-25 16:06:24:201
-2.62,7.09,6.32,-0.09,-0.06,-0.16,0.12,0.36,-0.07,994,2019-03-25 16:06:24:206
-2.62,7.09,6.32,-0.2,0.0,-0.21,0.1,0.28,-0.03,999,2019-03-25 16:06:24:211
-2.62,7.09,6.32,-0.2,0.0,-0.21,0.1,0.28,-0.03,1004,2019-03-25 16:06:24:216
-2.62,7.09,6.32,-0.2,0.0,-0.21,0.1,0.28,-0.03,1009,2019-03-25 16:06:24:221
-2.62,7.09,6.32,-0.2,0.0,-0.21,0.1,0.28,-0.03,1014,2019-03-25 16:06:24:226
-2.55,7.1,6.17,-0.08,0.0,-0.28,0.08,0.22,0.0,1019,2019-03-25 16:06:24:231
-2.55,7.1,6.17,-0.08,0.0,-0.28,0.08,0.22,0.0,1024,2019-03-25 16:06:24:236
-2.55,7.1,6.17,-0.08,0.0,-0.28,0.08,0.22,0.0,1029,2019-03-25 16:06:24:241
-2.38,7.1,6.3,0.1,-0.01,-0.11,0.03,0.14,0.01,1034,2019-03-25 16:06:24:246
-2.38,7.1,6.3,0.1,-0.01,-0.11,0.03,0.14,0.01,1039,2019-03-25 16:06:24:251
-2.38,7.1,6.3,0.1,-0.01,-0.11,0.03,0.14,0.01,1044,2019-03-25 16:06:24:256
-2.38,7.1,6.3,0.1,-0.01,-0.11,0.03,0.14,0.01,1049,2019-03-25 16:06:24:261
-2.43,7.17,6.42,0.05,0.04,0.0,0.0,0.13,0.0,1054,2019-03-25 16:06:24:266
-2.43,7.17,6.42,0.05,0.04,0.0,0.0,0.13,0.0,1059,2019-03-25 16:06:24:271
-2.43,7.17,6.42,0.05,0.04,0.0,0.0,0.13,0.0,1064,2019-03-25 16:06:24:276
-2.43,7.17,6.42,0.05,0.04,0.0,0.0,0.13,0.0,1069,2019-03-25 16:06:24:281
-2.43,7.17,6.42,0.05,0.04,0.0,0.0,0.13,0.0,1074,2019-03-25 16:06:24:286
-2.43,7.17,6.42,0.05,0.04,0.0,0.0,0.13,0.0,1079,2019-03-25 16:06:24:291
-2.43,7.17,6.42,0.05,0.04,0.0,0.0,0.13,0.0,1085,2019-03-25 16:06:24:297
-2.51,7.1,6.44,0.0,-0.01,0.04,0.0,0.16,0.0,1089,2019-03-25 16:06:24:301
-2.51,7.1,6.44,0.0,-0.01,0.04,0.0,0.16,0.0,1094,2019-03-25 16:06:24:306
-2.51,7.1,6.44,0.0,-0.01,0.04,0.0,0.15,0.0,1099,2019-03-25 16:06:24:311
-2.51,7.1,6.44,0.0,-0.01,0.04,0.0,0.15,0.0,1104,2019-03-25 16:06:24:316
-2.51,7.1,6.44,0.0,-0.01,0.04,0.0,0.15,0.0,1110,2019-03-25 16:06:24:322
-2.51,7.1,6.44,0.0,-0.01,0.04,0.0,0.15,0.0,1115,2019-03-25 16:06:24:327
-2.46,7.12,6.47,0.11,0.01,0.1,0.02,0.14,0.0,1119,2019-03-25 16:06:24:331
-2.46,7.12,6.47,0.11,0.01,0.1,0.02,0.14,0.0,1124,2019-03-25 16:06:24:336
-2.46,7.12,6.47,0.11,0.01,0.1,0.02,0.14,0.0,1129,2019-03-25 16:06:24:341
-2.46,7.12,6.47,0.11,0.01,0.1,0.02,0.14,0.0,1134,2019-03-25 16:06:24:346
-2.46,7.12,6.47,0.11,0.01,0.1,0.02,0.14,0.0,1139,2019-03-25 16:06:24:351
-2.59,7.08,6.41,0.01,-0.03,0.06,0.03,0.11,0.0,1144,2019-03-25 16:06:24:356
-2.59,7.08,6.41,0.01,-0.03,0.06,0.03,0.11,0.0,1149,2019-03-25 16:06:24:361
-2.59,7.08,6.41,0.01,-0.03,0.06,0.02,0.12,0.0,1154,2019-03-25 16:06:24:366
-2.59,7.08,6.41,-0.02,0.02,0.13,0.02,0.12,0.0,1159,2019-03-25 16:06:24:371
-2.59,7.08,6.41,-0.02,0.02,0.13,0.02,0.12,0.0,1164,2019-03-25 16:06:24:376
-2.59,7.08,6.41,-0.02,0.02,0.13,0.02,0.12,0.0,1169,2019-03-25 16:06:24:381
-2.59,7.08,6.41,-0.02,0.02,0.13,0.02,0.12,0.0,1175,2019-03-25 16:06:24:387
-2.59,7.08,6.41,-0.02,0.02,0.13,0.02,0.12,0.0,1179,2019-03-25 16:06:24:391
-2.61,7.14,6.36,-0.02,0.02,0.13,0.04,0.13,-0.01,1186,2019-03-25 16:06:24:398
-2.61,7.14,6.36,0.0,0.0,0.0,0.04,0.13,-0.01,1189,2019-03-25 16:06:24:401
-2.61,7.14,6.36,0.0,0.0,0.0,0.04,0.13,-0.01,1194,2019-03-25 16:06:24:406
-2.61,7.14,6.36,0.0,0.0,0.0,0.04,0.11,0.0,1199,2019-03-25 16:06:24:411
-2.61,7.14,6.36,0.0,0.0,0.0,0.04,0.11,0.0,1204,2019-03-25 16:06:24:416
-2.61,7.14,6.36,0.0,0.0,0.0,0.04,0.11,0.0,1210,2019-03-25 16:06:24:422
-2.61,7.14,6.36,0.0,0.0,0.0,0.04,0.11,0.0,1214,2019-03-25 16:06:24:426
-2.61,7.14,6.36,0.0,0.0,0.0,0.04,0.11,0.0,1219,2019-03-25 16:06:24:431
-2.54,7.14,6.45,0.0,0.0,0.0,0.04,0.11,0.0,1224,2019-03-25 16:06:24:436
-2.54,7.14,6.45,0.06,0.0,0.06,0.03,0.1,-0.01,1229,2019-03-25 16:06:24:441
-2.54,7.14,6.45,0.06,0.0,0.06,0.03,0.1,-0.01,1235,2019-03-25 16:06:24:447
-2.54,7.14,6.45,-0.04,0.0,0.01,0.03,0.09,-0.02,1239,2019-03-25 16:06:24:451
-2.54,7.14,6.45,-0.04,0.0,0.01,0.03,0.09,-0.02,1244,2019-03-25 16:06:24:456
-2.54,7.14,6.45,-0.04,0.0,0.01,0.03,0.09,-0.02,1249,2019-03-25 16:06:24:461
-2.54,7.14,6.45,-0.04,0.0,0.01,0.03,0.09,-0.02,1254,2019-03-25 16:06:24:466
-2.54,7.14,6.45,-0.04,0.0,0.01,0.03,0.09,-0.02,1259,2019-03-25 16:06:24:471
-2.54,7.14,6.45,-0.04,0.0,0.01,0.03,0.09,-0.02,1264,2019-03-25 16:06:24:476
-2.7,7.1,6.28,-0.05,-0.05,-0.11,0.05,0.1,-0.02,1269,2019-03-25 16:06:24:481
-2.7,7.1,6.28,-0.05,-0.05,-0.11,0.05,0.1,-0.02,1274,2019-03-25 16:06:24:486
-2.7,7.1,6.28,-0.05,-0.05,-0.11,0.05,0.1,-0.02,1279,2019-03-25 16:06:24:491
-2.7,7.1,6.28,-0.05,-0.05,-0.11,0.05,0.1,-0.02,1284,2019-03-25 16:06:24:496
-2.7,7.1,6.28,-0.05,-0.05,-0.11,0.05,0.1,-0.02,1289,2019-03-25 16:06:24:501
-2.59,7.16,6.37,-0.05,-0.05,-0.11,0.05,0.1,-0.02,1293,2019-03-25 16:06:24:505
-2.59,7.16,6.37,0.05,0.0,0.01,0.02,0.08,-0.01,1300,2019-03-25 16:06:24:512
-2.59,7.16,6.37,0.05,0.0,0.01,0.02,0.08,-0.01,1304,2019-03-25 16:06:24:516
-2.59,7.16,6.37,0.05,0.0,0.01,0.02,0.08,-0.01,1309,2019-03-25 16:06:24:521
-2.59,7.16,6.37,0.05,0.0,0.01,0.02,0.08,-0.01,1315,2019-03-25 16:06:24:527
-2.59,7.16,6.37,0.05,0.0,0.01,0.02,0.08,-0.01,1319,2019-03-25 16:06:24:531
-2.51,7.14,6.52,0.05,0.0,0.01,0.02,0.08,-0.01,1324,2019-03-25 16:06:24:536
-2.51,7.14,6.52,0.13,-0.02,0.16,0.02,0.09,-0.02,1329,2019-03-25 16:06:24:541
-2.51,7.14,6.52,0.13,-0.02,0.16,0.05,0.15,-0.03,1334,2019-03-25 16:06:24:546
-2.79,7.17,6.34,0.13,-0.02,0.16,0.05,0.15,-0.03,1339,2019-03-25 16:06:24:551
-2.79,7.17,6.34,0.13,-0.02,0.16,0.05,0.15,-0.03,1343,2019-03-25 16:06:24:555
-2.79,7.17,6.34,0.13,-0.02,0.16,0.05,0.15,-0.03,1349,2019-03-25 16:06:24:561
-2.79,7.17,6.34,0.13,-0.02,0.16,0.05,0.15,-0.03,1354,2019-03-25 16:06:24:566
-2.79,7.17,6.34,0.13,-0.02,0.16,0.05,0.15,-0.03,1359,2019-03-25 16:06:24:571
-2.79,7.17,6.34,0.13,-0.02,0.16,0.05,0.15,-0.03,1364,2019-03-25 16:06:24:576
-2.78,7.21,6.37,-0.08,0.04,0.02,0.05,0.19,-0.04,1370,2019-03-25 16:06:24:582
-2.78,7.21,6.37,-0.08,0.04,0.02,0.05,0.19,-0.04,1374,2019-03-25 16:06:24:586
-2.78,7.21,6.37,-0.08,0.04,0.02,0.05,0.19,-0.04,1379,2019-03-25 16:06:24:591
-2.78,7.21,6.37,-0.08,0.04,0.02,0.05,0.19,-0.04,1384,2019-03-25 16:06:24:596
-2.78,7.21,6.37,-0.08,0.04,0.02,0.05,0.19,-0.04,1389,2019-03-25 16:06:24:601
-2.76,7.26,6.39,-0.08,0.04,0.02,0.06,0.21,-0.02,1394,2019-03-25 16:06:24:606
-2.76,7.26,6.39,0.01,0.07,0.06,0.06,0.21,-0.02,1399,2019-03-25 16:06:24:611
-2.76,7.26,6.39,0.01,0.07,0.06,0.06,0.21,-0.02,1404,2019-03-25 16:06:24:616
-2.76,7.26,6.39,0.01,0.07,0.06,0.06,0.21,-0.02,1409,2019-03-25 16:06:24:621
-2.76,7.26,6.39,0.01,0.07,0.06,0.06,0.21,-0.02,1414,2019-03-25 16:06:24:626
-2.76,7.26,6.39,0.01,0.07,0.06,0.06,0.21,-0.02,1419,2019-03-25 16:06:24:631
-2.86,7.02,6.15,0.01,0.07,0.06,0.06,0.21,-0.02,1424,2019-03-25 16:06:24:636
-2.86,7.02,6.15,-0.04,-0.16,-0.15,0.07,0.26,-0.02,1429,2019-03-25 16:06:24:641
-2.86,7.02,6.15,-0.04,-0.16,-0.15,0.07,0.26,-0.02,1434,2019-03-25 16:06:24:646
-2.75,7.27,6.22,0.06,0.0,-0.06,0.06,0.21,0.0,1439,2019-03-25 16:06:24:651
-2.75,7.27,6.22,0.06,0.0,-0.06,0.06,0.21,0.0,1444,2019-03-25 16:06:24:656
-2.75,7.27,6.22,0.06,0.0,-0.06,0.06,0.21,0.0,1449,2019-03-25 16:06:24:661
-2.75,7.27,6.22,0.06,0.0,-0.06,0.06,0.21,0.0,1454,2019-03-25 16:06:24:666
-2.75,7.27,6.22,0.06,0.0,-0.06,0.06,0.21,0.0,1460,2019-03-25 16:06:24:672
-2.75,7.27,6.22,0.06,0.0,-0.06,0.06,0.21,0.0,1466,2019-03-25 16:06:24:678
-2.75,7.27,6.22,0.06,0.0,-0.06,0.06,0.21,0.0,1468,2019-03-25 16:06:24:680
-2.83,7.19,6.15,0.04,-0.01,-0.09,0.06,0.22,-0.03,1474,2019-03-25 16:06:24:686
-2.83,7.19,6.15,0.04,-0.01,-0.09,0.06,0.22,-0.03,1479,2019-03-25 16:06:24:691
-2.83,7.19,6.15,0.04,-0.01,-0.09,0.06,0.22,-0.03,1484,2019-03-25 16:06:24:696
-2.83,7.19,6.15,0.04,-0.01,-0.09,0.06,0.22,-0.03,1490,2019-03-25 16:06:24:702
-2.87,7.21,6.04,0.04,-0.01,-0.09,0.04,0.15,-0.02,1493,2019-03-25 16:06:24:705
-2.87,7.21,6.04,0.05,0.0,-0.14,0.04,0.15,-0.02,1499,2019-03-25 16:06:24:711
-2.87,7.21,6.04,0.05,0.0,-0.14,0.04,0.15,-0.02,1504,2019-03-25 16:06:24:716
-2.87,7.21,6.04,0.05,0.0,-0.14,0.04,0.15,-0.02,1510,2019-03-25 16:06:24:722
-2.87,7.21,6.04,0.05,0.0,-0.14,0.04,0.15,-0.02,1514,2019-03-25 16:06:24:726
-2.86,7.15,6.1,0.09,-0.06,-0.05,0.01,0.16,-0.03,1519,2019-03-25 16:06:24:731
-2.86,7.15,6.1,0.09,-0.06,-0.05,0.01,0.16,-0.03,1524,2019-03-25 16:06:24:736
-2.86,7.15,6.1,0.09,-0.06,-0.05,0.01,0.16,-0.03,1529,2019-03-25 16:06:24:741
-2.86,7.15,6.1,0.09,-0.06,-0.05,0.01,0.16,-0.03,1534,2019-03-25 16:06:24:746
-3.08,7.21,6.0,-0.07,0.0,-0.12,0.01,0.15,-0.03,1539,2019-03-25 16:06:24:751
-3.08,7.21,6.0,-0.07,0.0,-0.12,0.01,0.15,-0.03,1543,2019-03-25 16:06:24:755
-3.08,7.21,6.0,-0.07,0.0,-0.12,0.01,0.15,-0.03,1549,2019-03-25 16:06:24:761
-3.04,7.23,6.2,-0.07,0.0,-0.12,0.01,0.15,-0.03,1554,2019-03-25 16:06:24:766
-3.04,7.23,6.2,-0.02,0.02,0.09,0.0,0.1,-0.03,1560,2019-03-25 16:06:24:772
-3.04,7.23,6.2,-0.02,0.02,0.09,0.0,0.1,-0.03,1565,2019-03-25 16:06:24:777
-3.04,7.23,6.2,-0.02,0.02,0.09,0.0,0.1,-0.03,1570,2019-03-25 16:06:24:782
-3.02,7.27,6.37,0.0,0.06,0.25,0.0,0.08,-0.03,1576,2019-03-25 16:06:24:788
-3.02,7.27,6.37,0.0,0.06,0.25,0.0,0.08,-0.03,1583,2019-03-25 16:06:24:795
-3.02,7.27,6.37,0.0,0.06,0.25,0.0,0.08,-0.03,1586,2019-03-25 16:06:24:798
-3.02,7.27,6.37,0.0,0.06,0.25,0.0,0.08,-0.03,1591,2019-03-25 16:06:24:803
-2.98,7.22,6.16,0.0,0.06,0.25,0.02,0.11,-0.03,1594,2019-03-25 16:06:24:806
-2.98,7.22,6.16,0.05,0.02,0.05,0.02,0.11,-0.03,1599,2019-03-25 16:06:24:811
-2.98,7.22,6.16,0.05,0.02,0.05,0.02,0.11,-0.03,1604,2019-03-25 16:06:24:816
-2.98,7.22,6.16,0.05,0.02,0.05,0.02,0.11,-0.03,1610,2019-03-25 16:06:24:822
-2.98,7.22,6.16,0.05,0.02,0.05,0.02,0.11,-0.03,1616,2019-03-25 16:06:24:828
-3.01,7.2,6.11,0.03,-0.01,0.01,0.03,0.09,-0.03,1619,2019-03-25 16:06:24:831
-3.01,7.2,6.11,0.03,-0.01,0.01,0.03,0.09,-0.03,1624,2019-03-25 16:06:24:836
-3.01,7.2,6.11,0.03,-0.01,0.01,0.03,0.09,-0.03,1630,2019-03-25 16:06:24:842
-3.01,7.2,6.11,0.03,-0.01,0.01,0.03,0.09,-0.03,1634,2019-03-25 16:06:24:846
-3.13,7.19,6.09,-0.06,-0.02,0.0,0.03,0.07,-0.03,1640,2019-03-25 16:06:24:852
-3.13,7.19,6.09,-0.06,-0.02,0.0,0.03,0.07,-0.03,1644,2019-03-25 16:06:24:856
-3.13,7.19,6.09,-0.06,-0.02,0.0,0.03,0.07,-0.03,1650,2019-03-25 16:06:24:862
-3.13,7.19,6.09,-0.06,-0.02,0.0,0.03,0.07,-0.03,1654,2019-03-25 16:06:24:866
-3.13,7.19,6.09,-0.06,-0.02,0.0,0.03,0.07,-0.03,1659,2019-03-25 16:06:24:871
-3.13,7.19,6.09,-0.06,-0.02,0.0,0.03,0.07,-0.03,1664,2019-03-25 16:06:24:876
-3.09,7.2,6.02,0.0,0.0,-0.05,0.03,0.07,-0.02,1672,2019-03-25 16:06:24:884
-3.09,7.2,6.02,0.0,0.0,-0.05,0.03,0.07,-0.02,1674,2019-03-25 16:06:24:886
-3.09,7.2,6.02,0.0,0.0,-0.05,0.03,0.07,-0.02,1680,2019-03-25 16:06:24:892
-3.09,7.2,6.02,0.0,0.0,-0.05,0.03,0.07,-0.02,1684,2019-03-25 16:06:24:896
-2.95,7.25,6.13,0.13,0.04,0.05,0.02,0.05,-0.02,1692,2019-03-25 16:06:24:904
-2.95,7.25,6.13,0.13,0.04,0.05,0.02,0.05,-0.02,1694,2019-03-25 16:06:24:906
-2.95,7.25,6.13,0.13,0.04,0.05,0.02,0.05,-0.02,1699,2019-03-25 16:06:24:911
-2.95,7.25,6.13,0.01,0.0,0.0,0.02,0.05,-0.02,1704,2019-03-25 16:06:24:916
-2.95,7.25,6.13,0.01,0.0,0.0,0.02,0.05,-0.02,1709,2019-03-25 16:06:24:921
-2.95,7.25,6.13,0.01,0.0,0.0,0.02,0.05,-0.02,1714,2019-03-25 16:06:24:926
-3.24,7.25,6.17,-0.11,0.04,0.07,0.02,0.09,-0.04,1722,2019-03-25 16:06:24:934
-3.24,7.25,6.17,-0.11,0.04,0.07,0.02,0.09,-0.04,1724,2019-03-25 16:06:24:936
-3.24,7.25,6.17,-0.11,0.04,0.07,0.02,0.09,-0.04,1729,2019-03-25 16:06:24:941
-3.24,7.25,6.17,-0.11,0.04,0.07,0.02,0.09,-0.04,1734,2019-03-25 16:06:24:946
-3.12,7.18,6.24,0.01,-0.02,0.11,0.02,0.08,-0.03,1739,2019-03-25 16:06:24:951
-3.12,7.18,6.24,0.01,-0.02,0.11,0.02,0.08,-0.03,1744,2019-03-25 16:06:24:956
-3.12,7.18,6.24,0.01,-0.02,0.11,0.02,0.08,-0.03,1749,2019-03-25 16:06:24:961
-3.22,7.22,6.18,0.01,-0.02,0.11,0.04,0.09,-0.03,1754,2019-03-25 16:06:24:966
-3.22,7.22,6.18,-0.06,0.01,0.05,0.04,0.09,-0.03,1760,2019-03-25 16:06:24:972
-3.22,7.22,6.18,-0.06,0.01,0.05,0.04,0.09,-0.03,1763,2019-03-25 16:06:24:975
-3.22,7.22,6.18,-0.06,0.01,0.05,0.04,0.09,-0.03,1769,2019-03-25 16:06:24:981
-3.2,7.25,6.27,-0.06,0.01,0.05,0.04,0.09,-0.03,1775,2019-03-25 16:06:24:987
-3.2,7.25,6.27,-0.02,0.04,0.16,0.06,0.08,-0.03,1780,2019-03-25 16:06:24:992
-3.2,7.25,6.27,-0.02,0.04,0.16,0.06,0.08,-0.03,1784,2019-03-25 16:06:24:996
-3.2,7.25,6.27,-0.02,0.04,0.16,0.06,0.08,-0.03,1791,2019-03-25 16:06:25:003
-3.2,7.25,6.27,-0.02,0.04,0.16,0.06,0.08,-0.03,1795,2019-03-25 16:06:25:007
-3.2,7.25,6.27,-0.02,0.04,0.16,0.06,0.08,-0.03,1799,2019-03-25 16:06:25:011
-3.2,7.27,6.4,-0.02,0.04,0.16,0.06,0.08,-0.03,1804,2019-03-25 16:06:25:016
-3.03,7.27,6.4,0.14,0.04,0.28,0.08,0.15,-0.03,1809,2019-03-25 16:06:25:021
-3.03,7.27,6.4,0.14,0.04,0.28,0.08,0.15,-0.03,1816,2019-03-25 16:06:25:028
-3.03,7.27,6.4,0.14,0.04,0.28,0.08,0.15,-0.03,1822,2019-03-25 16:06:25:034
-3.19,7.21,6.0,0.02,-0.02,-0.08,0.12,0.29,-0.06,1826,2019-03-25 16:06:25:038
-3.19,7.21,6.0,0.02,-0.02,-0.08,0.12,0.29,-0.06,1831,2019-03-25 16:06:25:043
-3.19,7.21,6.0,0.02,-0.02,-0.08,0.12,0.29,-0.06,1834,2019-03-25 16:06:25:046
-3.19,7.21,6.0,0.02,-0.02,-0.08,0.12,0.29,-0.06,1839,2019-03-25 16:06:25:051
-3.28,7.3,5.98,-0.03,0.05,-0.06,0.11,0.3,-0.05,1844,2019-03-25 16:06:25:056
-3.28,7.3,5.98,-0.03,0.05,-0.06,0.11,0.3,-0.05,1851,2019-03-25 16:06:25:063
-3.28,7.3,5.98,-0.03,0.05,-0.06,0.11,0.3,-0.05,1855,2019-03-25 16:06:25:067
-3.28,7.3,5.98,-0.03,0.05,-0.06,0.11,0.3,-0.05,1859,2019-03-25 16:06:25:071
-3.28,7.3,5.98,-0.03,0.05,-0.06,0.11,0.3,-0.05,1864,2019-03-25 16:06:25:076
-3.35,7.14,3.71,-0.05,-0.11,-2.2,0.11,0.27,-0.06,1869,2019-03-25 16:06:25:081
-3.35,7.14,3.71,-0.05,-0.11,-2.2,0.11,0.27,-0.06,1874,2019-03-25 16:06:25:086
-3.35,7.14,3.71,-0.05,-0.11,-2.2,0.11,0.27,-0.06,1879,2019-03-25 16:06:25:091
-3.35,7.16,5.29,-0.05,-0.11,-2.2,0.11,0.27,-0.06,1885,2019-03-25 16:06:25:097
-3.31,7.16,5.29,0.01,-0.07,-0.51,-0.1,-0.23,-0.03,1889,2019-03-25 16:06:25:101
-3.31,7.16,5.29,0.01,-0.07,-0.51,-0.1,-0.23,-0.03,1894,2019-03-25 16:06:25:106
-3.16,7.32,6.02,0.12,0.08,0.19,-0.15,-0.3,-0.01,1899,2019-03-25 16:06:25:111
-3.16,7.32,6.02,0.12,0.08,0.19,-0.15,-0.3,-0.01,1904,2019-03-25 16:06:25:116
-3.16,7.32,6.02,0.12,0.08,0.19,-0.15,-0.3,-0.01,1909,2019-03-25 16:06:25:121
-3.18,7.16,6.41,0.12,0.08,0.19,-0.16,-0.21,-0.04,1914,2019-03-25 16:06:25:126
-3.18,7.16,6.41,0.07,-0.04,0.51,-0.16,-0.21,-0.04,1919,2019-03-25 16:06:25:131
-3.18,7.16,6.41,0.07,-0.04,0.51,-0.16,-0.21,-0.04,1924,2019-03-25 16:06:25:136
-3.18,7.16,6.41,0.07,-0.04,0.51,-0.16,-0.21,-0.04,1928,2019-03-25 16:06:25:140
-3.18,7.16,6.41,0.07,-0.04,0.51,-0.16,-0.21,-0.04,1935,2019-03-25 16:06:25:147
-3.32,7.16,6.73,-0.07,-0.03,0.75,-0.1,-0.04,-0.03,1939,2019-03-25 16:06:25:151
-3.32,7.16,6.73,-0.07,-0.03,0.75,-0.1,-0.04,-0.03,1944,2019-03-25 16:06:25:156
-3.32,7.16,6.73,-0.07,-0.03,0.75,-0.1,-0.04,-0.03,1949,2019-03-25 16:06:25:161
-3.32,7.16,6.73,-0.07,-0.03,0.75,-0.1,-0.04,-0.03,1954,2019-03-25 16:06:25:166
-3.34,7.31,6.35,-0.07,0.11,0.36,-0.02,0.09,-0.02,1959,2019-03-25 16:06:25:171
-3.34,7.31,6.35,-0.07,0.11,0.36,-0.02,0.09,-0.02,1964,2019-03-25 16:06:25:176
-3.34,7.31,6.35,-0.07,0.11,0.36,-0.02,0.09,-0.02,1968,2019-03-25 16:06:25:180
-3.43,7.27,6.17,-0.13,0.06,0.17,0.01,0.17,-0.03,1974,2019-03-25 16:06:25:186
-3.43,7.27,6.17,-0.13,0.06,0.17,0.01,0.17,-0.03,1979,2019-03-25 16:06:25:191
-3.43,7.27,6.17,-0.13,0.06,0.17,0.01,0.17,-0.03,1984,2019-03-25 16:06:25:196
-3.43,7.27,6.17,-0.33,0.13,-0.76,0.02,0.21,-0.03,1989,2019-03-25 16:06:25:201
-3.43,7.27,6.17,-0.33,0.13,-0.76,0.02,0.21,-0.03,1994,2019-03-25 16:06:25:206
-3.43,7.27,6.17,-0.33,0.13,-0.76,0.02,0.21,-0.03,1999,2019-03-25 16:06:25:211